[{"url": "https://github.com/google/OctoPrint-HeaterTimeout", "name": "HeaterTimeout", "key": "HeaterTimeout"}, {"url": "https://github.com/Kragrathea/OctoPrint-PrettyGCode", "name": "PrettyGCode", "key": "prettygcode"}, {"url": "https://github.com/jneilliii/OctoPrint-Bltouch", "name": "BLTouch Plugin", "key": "BLTouch"}, {"url": "https://github.com/costas-basdekis/MarlinGcodeDocumentation", "name": "Marlin GCode Documentation", "key": "marlingcodedocumentation"}, {"url": "https://github.com/kantlivelong/OctoPrint-PSUControl-RPiGPIO", "name": "PSU Control - RPi.GPIO", "key": "psucontrol_rpigpio"}, {"url": "https://github.com/ManuelMcLure/OctoPrint-WiFiStatus", "name": "OctoPrint-WiFiStatus", "key": "wifistatus"}, {"url": "https://github.com/jneilliii/OctoPrint-CustomBackground", "name": "Custom Background", "key": "custombackground"}, {"url": "https://github.com/jneilliii/OctoPrint-TabOrder", "name": "Tab Order", "key": "taborder"}, {"url": "https://github.com/birkbjo/OctoPrint-Themeify", "name": "Themeify", "key": "themeify"}, {"url": "https://github.com/jeffeb3/OctoPrint-TerminalMessaging", "name": "Terminal Messaging", "key": "terminalmessaging"}, {"url": "https://gitlab.com/wolframmfg/octoprint-swapxy", "name": "SwapXY", "key": "swapxy"}, {"url": "https://github.com/Renaud11232/OctoPrint-Resource-Monitor", "name": "Resource Monitor", "key": "resource_monitor"}, {"url": "https://github.com/crankeye/OctoPrint-CustomCSS", "name": "Custom CSS", "key": "customcss"}, {"url": "https://github.com/jneilliii/OctoPrint-BedLevelVisualizer", "name": "Bed Visualizer", "key": "bedlevelvisualizer"}, {"url": "https://github.com/imrahil/OctoPrint-NavbarTemp", "name": "Navbar Temperature Plugin", "key": "navbartemp"}, {"url": "https://github.com/kantlivelong/OctoPrint-PSUControl", "name": "PSU Control", "key": "psucontrol"}, {"url": "https://github.com/FormerLurker/ArcWelderPlugin", "name": "Arc-Welder", "key": "arc_welder"}, {"url": "https://github.com/FormerLurker/Octolapse", "name": "Octolapse", "key": "octolapse"}]